name,position,school,season,draft_year,countable_plays,avg_ppa_all,total_ppa_all,total_ppa_pass,total_ppa_rush,career_avg_ppa,career_total_ppa,ppa_per_play,pass_ppa_share,rush_ppa_share
Kyle Williams,WR,arizona state,2017.0,2017.0,95.0,0.55,52.242,50.153,2.089,1.401,103.098,0.5499157894736841,0.9600130163470005,0.039986983652999505
Aaron Murray,QB,georgia,2013.0,2014.0,352.0,0.336,118.289,107.423,10.866,0.336,118.289,0.33604829545454545,0.9081402328196198,0.09185976718038025
Aj Mccarron,QB,alabama,2013.0,2014.0,320.0,0.295,94.326,88.052,6.274,0.295,94.326,0.29476874999999997,0.9334859953777327,0.06651400462226746
Alfred Blue,RB,lsu,2013.0,2014.0,75.0,0.038,2.884,6.479,-3.595,0.038,2.884,0.03845333333333333,1.0,0.0
Allen Robinson,WR,penn state,2013.0,2014.0,99.0,0.996,98.584,95.57,3.014,0.996,98.584,0.9957979797979798,0.9694270875598473,0.030572912440152557
Andre Williams,RB,boston college,2013.0,2014.0,323.0,-0.014,-4.485,0.0,-4.485,-0.014,-4.485,-0.01388544891640867,-0.0,1.0
Arthur Lynch,TE,georgia,2013.0,2014.0,28.0,1.144,32.036,32.036,0.0,1.144,32.036,1.1441428571428571,1.0,0.0
Austin Seferian-Jenkins,TE,washington,2013.0,2014.0,26.0,1.297,33.716,33.716,0.0,1.297,33.716,1.296769230769231,1.0,0.0
Blake Bortles,QB,ucf,2013.0,2014.0,406.0,0.387,157.155,125.959,31.196,0.387,157.155,0.38708128078817733,0.8014953389965321,0.19850466100346792
Brandin Cooks,WR,oregon state,2013.0,2014.0,142.0,0.799,113.529,108.397,5.132,0.799,113.529,0.7995,0.9547956909688274,0.04520430903117265
C.J. Fiedorowicz,TE,iowa,2013.0,2014.0,25.0,0.994,24.857,24.857,0.0,0.994,24.857,0.9942799999999999,1.0,0.0
Carlos Hyde,RB,ohio state,2013.0,2014.0,207.0,0.306,63.25,5.726,57.524,0.306,63.25,0.3055555555555556,0.0905296442687747,0.9094703557312254
Cody Latimer,WR,indiana,2013.0,2014.0,65.0,1.125,73.117,73.117,0.0,1.125,73.117,1.124876923076923,1.0,0.0
Crockett Gillmore,TE,colorado state,2013.0,2014.0,53.0,0.666,35.305,35.305,0.0,0.666,35.305,0.6661320754716981,1.0,0.0
Davante Adams,WR,fresno state,2013.0,2014.0,106.0,0.855,90.665,90.665,0.0,0.855,90.665,0.8553301886792454,1.0,0.0
De'Anthony Thomas,RB,oregon,2013.0,2014.0,109.0,0.278,30.262,20.584,9.677,0.278,30.262,0.2776330275229358,0.6801929812966757,0.3197739739607428
Derek Carr,QB,fresno state,2013.0,2014.0,602.0,0.283,170.323,158.911,11.412,0.283,170.323,0.2829285714285714,0.932997892240038,0.06700210775996196
Devin Street,WR,pittsburgh,2013.0,2014.0,54.0,0.916,49.439,51.122,-1.683,0.916,49.439,0.915537037037037,1.0,0.0
Devonta Freeman,RB,florida state,2013.0,2014.0,178.0,0.193,34.382,21.812,12.569,0.193,34.382,0.19315730337078652,0.6344017218311908,0.36556919318247927
Donte Moncrief,WR,ole miss,2013.0,2014.0,57.0,1.01,57.562,57.562,0.0,1.01,57.562,1.009859649122807,1.0,0.0
Dri Archer,RB,kent state,2013.0,2014.0,82.0,0.117,9.624,5.565,4.059,0.117,9.624,0.11736585365853659,0.5782418952618454,0.4217581047381546
Eric Ebron,TE,north carolina,2013.0,2014.0,66.0,1.115,73.588,72.241,1.347,1.115,73.588,1.114969696969697,0.9816953851171387,0.018304614882861336
Jace Amaro,TE,texas tech,2013.0,2014.0,101.0,1.023,103.296,103.296,0.0,1.023,103.296,1.0227326732673268,1.0,0.0
James White,RB,wisconsin,2013.0,2014.0,240.0,0.187,44.825,19.12,25.705,0.187,44.825,0.18677083333333336,0.42654768544339094,0.5734523145566089
Jarvis Landry,WR,lsu,2013.0,2014.0,74.0,1.287,95.23,95.23,0.0,1.287,95.23,1.286891891891892,1.0,0.0
Jeremy Gallon,WR,michigan,2013.0,2014.0,87.0,1.068,92.933,94.315,-1.382,1.068,92.933,1.0681954022988507,1.0,0.0
Jeremy Hill,RB,lsu,2013.0,2014.0,203.0,0.167,33.954,11.581,22.373,0.167,33.954,0.16726108374384238,0.3410791070271544,0.6589208929728456
Johnny Manziel,QB,texas a&m,2013.0,2014.0,496.0,0.359,178.26,130.085,48.175,0.359,178.26,0.35939516129032256,0.7297486817008865,0.27025131829911364
Jordan Matthews,WR,vanderbilt,2013.0,2014.0,121.0,0.772,93.365,90.882,2.483,0.772,93.365,0.7716115702479338,0.9734054517217374,0.026594548278262735
Josh Huff,WR,oregon,2013.0,2014.0,56.0,1.094,61.251,59.275,1.976,1.094,61.251,1.093767857142857,0.967739302215474,0.03226069778452597
Ka'Deem Carey,RB,arizona,2013.0,2014.0,356.0,0.117,41.558,12.018,29.541,0.117,41.558,0.11673595505617977,0.28918619760334957,0.7108378651523173
Keith Wenning,QB,ball state,2013.0,2014.0,489.0,0.325,158.85,153.717,5.133,0.325,158.85,0.3248466257668712,0.9676864966949954,0.03231350330500472
Kelvin Benjamin,WR,florida state,2013.0,2014.0,42.0,1.45,60.895,60.895,0.0,1.45,60.895,1.4498809523809524,1.0,0.0
Kevin Norwood,WR,alabama,2013.0,2014.0,31.0,1.372,42.531,42.531,0.0,1.372,42.531,1.3719677419354839,1.0,0.0
Logan Thomas,QB,virginia tech,2013.0,2014.0,483.0,0.231,111.505,114.49,-2.985,0.231,111.505,0.2308592132505176,1.0,0.0
Marqise Lee,WR,usc,2013.0,2014.0,57.0,0.864,49.222,49.91,-0.688,0.864,49.222,0.8635438596491228,1.0,0.0
Martavis Bryant,WR,clemson,2013.0,2014.0,36.0,1.446,52.053,52.053,0.0,1.446,52.053,1.4459166666666665,1.0,0.0
Mike Evans,WR,texas a&m,2013.0,2014.0,57.0,1.28,72.983,72.983,0.0,1.28,72.983,1.2804035087719299,1.0,0.0
Paul Richardson,WR,colorado,2013.0,2014.0,80.0,0.816,65.269,64.727,0.541,0.816,65.269,0.8158625,0.9916959046407943,0.008288774150055923
Quincy Enunwa,WR,nebraska,2013.0,2014.0,43.0,1.094,47.04,48.897,-1.857,1.094,47.04,1.093953488372093,1.0,0.0
Richard Rodgers,WR,california,2013.0,2014.0,47.0,1.036,48.693,46.398,2.295,1.036,48.693,1.0360212765957446,0.9528679687018669,0.0471320312981332
Ryan Grant,WR,tulane,2013.0,2014.0,71.0,1.097,77.862,77.862,0.0,1.097,77.862,1.0966478873239436,1.0,0.0
Sammy Watkins,WR,clemson,2013.0,2014.0,98.0,0.694,67.98,70.651,-2.671,0.694,67.98,0.6936734693877551,1.0,0.0
Tajh Boyd,QB,clemson,2013.0,2014.0,481.0,0.262,126.105,105.782,20.323,0.262,126.105,0.26217255717255716,0.8388406486657943,0.1611593513342056
Ted Bolser,TE,indiana,2013.0,2014.0,30.0,0.697,20.897,20.897,0.0,0.697,20.897,0.6965666666666667,1.0,0.0
Teddy Bridgewater,QB,louisville,2013.0,2014.0,432.0,0.47,203.22,189.808,13.412,0.47,203.22,0.47041666666666665,0.9340025588032673,0.0659974411967326
Tevin Reese,WR,baylor,2013.0,2014.0,32.0,1.028,32.888,32.888,0.0,1.028,32.888,1.02775,1.0,0.0
Tre Mason,RB,auburn,2013.0,2014.0,294.0,0.175,51.557,11.182,40.376,0.175,51.557,0.1753639455782313,0.21688616482727854,0.7831332311810228
Trey Millard,FB,oklahoma,2013.0,2014.0,24.0,0.37,8.873,6.0,2.873,0.37,8.873,0.3697083333333333,0.676208723092528,0.32379127690747217
Troy Niklas,TE,notre dame,2013.0,2014.0,28.0,1.323,37.035,37.035,0.0,1.323,37.035,1.3226785714285714,1.0,0.0
Tyler Gaffney,RB,stanford,2013.0,2014.0,320.0,0.115,36.796,3.081,33.715,0.115,36.796,0.11498749999999999,0.08373192738341124,0.9162680726165888
Amari Cooper,WR,alabama,2013.0,2015.0,43.0,0.907,39.002,37.152,1.85,1.6760000000000002,173.562,0.9070232558139536,0.9525665350494846,0.047433464950515355
Ameer Abdullah,RB,nebraska,2013.0,2015.0,286.0,0.174,49.738,14.951,34.787,0.4599999999999999,133.68,0.1739090909090909,0.30059511842052355,0.6994048815794764
Blake Bell,TE,oklahoma,2013.0,2015.0,279.0,0.203,56.737,51.236,5.501,0.8720000000000001,75.474,0.2033584229390681,0.9030438690801417,0.0969561309198583
Breshad Perriman,WR,ucf,2013.0,2015.0,40.0,1.164,46.566,46.566,0.0,2.062,123.764,1.16415,1.0,0.0
Brett Hundley,QB,ucla,2013.0,2015.0,448.0,0.361,161.844,133.859,27.985,0.6859999999999999,328.707,0.36125892857142855,0.8270865771977955,0.1729134228022046
Bryce Petty,QB,baylor,2013.0,2015.0,432.0,0.308,132.983,128.614,4.369,0.649,306.144,0.3078310185185185,0.9671461765789612,0.03285382342103878
Bud Sasser,WR,missouri,2013.0,2015.0,26.0,0.848,22.047,22.047,0.0,1.484,93.863,0.8479615384615384,1.0,0.0
Clive Walford,TE,miami,2013.0,2015.0,31.0,1.012,31.379,31.379,0.0,2.151,90.603,1.012225806451613,1.0,0.0
Da'Ron Brown,WR,northern illinois,2013.0,2015.0,50.0,0.853,42.652,40.942,1.709,1.36,109.528,0.85304,0.9599080934071087,0.04006846103348026
Darren Waller,WR,georgia tech,2013.0,2015.0,15.0,1.48,22.201,22.201,0.0,2.466,60.661,1.4800666666666666,1.0,0.0
David Cobb,RB,minnesota,2013.0,2015.0,246.0,0.059,14.394,13.61,0.784,0.213,65.371,0.05851219512195122,0.9455328609142698,0.054467139085730164
Deandre Smelter,WR,georgia tech,2013.0,2015.0,21.0,1.141,23.969,23.356,0.613,2.351,96.587,1.1413809523809524,0.9744252993449873,0.025574700655012723
Devante Parker,WR,louisville,2013.0,2015.0,46.0,1.116,51.317,51.317,0.0,2.0170000000000003,111.716,1.1155869565217391,1.0,0.0
Devin Funchess,WR,michigan,2013.0,2015.0,52.0,0.878,45.68,46.109,-0.429,1.232,81.459,0.8784615384615384,1.0,0.0
Devin Smith,WR,ohio state,2013.0,2015.0,36.0,0.873,31.431,31.431,0.0,2.617,104.678,0.8730833333333333,1.0,0.0
Dorial Green-Beckham,WR,missouri,2013.0,2015.0,53.0,0.426,22.594,22.98,-0.386,0.426,22.594,0.42630188679245284,1.0,0.0
Evan Spencer,WR,ohio state,2013.0,2015.0,21.0,0.587,12.336,12.489,-0.152,0.814,20.497,0.5874285714285714,1.0,0.0
Garrett Grayson,QB,colorado state,2013.0,2015.0,488.0,0.198,96.487,85.951,10.536,0.649,298.008,0.19771926229508197,0.8908039425000259,0.10919605749997409
Geremy Davis,WR,connecticut,2013.0,2015.0,74.0,1.267,93.732,93.732,0.0,1.775,127.258,1.2666486486486486,1.0,0.0
Jalston Fowler,RB,alabama,2013.0,2015.0,20.0,0.119,2.372,-0.508,2.88,0.489,11.992,0.1186,0.0,1.0
Jameis Winston,QB,florida state,2013.0,2015.0,393.0,0.513,201.657,184.133,17.524,0.933,419.802,0.5131221374045801,0.913099966775267,0.08690003322473308
Jamison Crowder,WR,duke,2013.0,2015.0,117.0,0.643,75.253,72.28,2.972,0.965,121.347,0.6431880341880342,0.9604932693713207,0.03949344212190876
Jay Ajayi,RB,boise state,2013.0,2015.0,242.0,0.095,22.961,9.241,13.72,0.4,143.93200000000002,0.09488016528925619,0.40246504943164496,0.5975349505683551
Jeff Heuerman,TE,ohio state,2013.0,2015.0,24.0,1.138,27.322,24.76,2.562,1.887,43.802,1.1384166666666666,0.9062294121953006,0.0937705878046995
Jeremy Langford,RB,michigan state,2013.0,2015.0,294.0,-0.006,-1.788,9.805,-11.594,0.208,61.012,-0.006081632653061225,0.0,1.0
Jesse James,TE,penn state,2013.0,2015.0,22.0,0.948,20.864,20.864,0.0,1.6,57.367,0.9483636363636364,1.0,0.0
Joey Iosefa,RB,hawai'i,2013.0,2015.0,128.0,0.067,8.582,8.379,0.204,0.24,31.78,0.067046875,0.9763458401305056,0.023770682824516425
Josh Robinson,RB,mississippi state,2013.0,2015.0,89.0,0.212,18.853,8.242,10.611,0.477,79.203,0.2118314606741573,0.4371718028960908,0.5628281971039092
Karlos Williams,RB,florida state,2013.0,2015.0,89.0,0.28,24.941,3.003,21.938,0.464,58.513000000000005,0.28023595505617976,0.12040415380297503,0.879595846197025
Keith Mumphery,WR,michigan state,2013.0,2015.0,18.0,0.709,12.764,13.534,-0.77,1.773,58.528000000000006,0.709111111111111,1.0,0.0
Kennard Backman,TE,uab,2013.0,2015.0,33.0,0.584,19.277,19.277,0.0,1.323,51.059,0.5841515151515152,1.0,0.0
Kenny Bell,WR,nebraska,2013.0,2015.0,51.0,0.803,40.945,40.945,0.0,1.4500000000000002,92.745,0.802843137254902,1.0,0.0
Kenny Hilliard,RB,lsu,2013.0,2015.0,62.0,-0.024,-1.463,-0.915,-0.548,0.209,19.741,-0.02359677419354839,0.6254272043745728,0.3745727956254272
Malcolm Johnson,TE,mississippi state,2013.0,2015.0,34.0,0.593,20.16,20.16,0.0,1.382,51.708,0.5929411764705882,1.0,0.0
Marcus Mariota,QB,oregon,2013.0,2015.0,416.0,0.358,148.89,108.994,39.896,0.944,487.835,0.35790865384615383,0.7320437907179798,0.2679562092820203
Matt Jones,RB,florida,2013.0,2015.0,82.0,-0.001,-0.061,0.032,-0.092,0.031,5.963,-0.0007439024390243903,0.0,1.0
Maxx Williams,TE,minnesota,2013.0,2015.0,22.0,1.438,31.646,29.457,2.19,2.151,76.562,1.4384545454545454,0.9308285407318461,0.06920305883839979
Melvin Gordon,RB,wisconsin,2013.0,2015.0,195.0,0.223,43.439,0.034,43.405,0.62,187.401,0.22276410256410256,0.0007827067842261563,0.9992172932157739
Mike Davis,RB,south carolina,2013.0,2015.0,224.0,0.164,36.787,23.598,13.19,0.402,92.657,0.16422767857142856,0.6414766085845544,0.3585505749313616
Nelson Agholor,WR,usc,2013.0,2015.0,52.0,1.307,67.946,68.432,-0.486,2.065,170.328,1.3066538461538462,1.0,0.0
Nick O'Leary,TE,florida state,2013.0,2015.0,26.0,1.532,39.831,39.831,0.0,2.186,86.924,1.5319615384615386,1.0,0.0
Rory Anderson,TE,south carolina,2013.0,2015.0,17.0,1.194,20.304,20.304,0.0,1.492,32.229,1.1943529411764704,1.0,0.0
Sammie Coates,WR,auburn,2013.0,2015.0,33.0,1.2,39.602,39.602,0.0,1.7919999999999998,82.81299999999999,1.200060606060606,1.0,0.0
Sean Mannion,QB,oregon state,2013.0,2015.0,556.0,0.248,137.783,142.506,-4.723,0.384,206.005,0.24781115107913668,1.0,0.0
Stefon Diggs,WR,maryland,2013.0,2015.0,40.0,0.981,39.22,38.201,1.019,1.387,76.154,0.9804999999999999,0.9740183579806222,0.025981642019377867
T.J. Yeldon,RB,alabama,2013.0,2015.0,208.0,0.19,39.621,13.54,26.081,0.441,93.49,0.19048557692307694,0.3417379672395951,0.6582620327604047
Tevin Coleman,RB,indiana,2013.0,2015.0,134.0,0.151,20.227,17.641,2.586,0.395,87.393,0.15094776119402986,0.8721510851831709,0.12784891481682897
Tony Lippett,WR,michigan state,2013.0,2015.0,48.0,1.196,57.428,57.842,-0.414,2.13,155.488,1.1964166666666667,1.0,0.0
Trevor Siemian,QB,northwestern,2013.0,2015.0,309.0,0.269,83.205,77.601,5.604,0.367,127.793,0.26927184466019416,0.9326482783486569,0.06735172165134307
Ty Montgomery,WR,stanford,2013.0,2015.0,60.0,1.092,65.492,59.881,5.611,1.371,95.029,1.0915333333333335,0.9143254137909973,0.08567458620900262
Tyler Kroft,TE,rutgers,2013.0,2015.0,40.0,1.341,53.654,53.654,0.0,2.0,76.046,1.34135,1.0,0.0
Tyler Lockett,WR,kansas state,2013.0,2015.0,73.0,1.058,77.202,76.725,0.477,1.86,196.654,1.0575616438356163,0.9938214035905805,0.006178596409419445
Aaron Burbridge,WR,michigan state,2013.0,2016.0,27.0,0.586,15.818,16.963,-1.145,1.531,129.784,0.5858518518518518,1.0,0.0
Alex Collins,RB,arkansas,2013.0,2016.0,195.0,0.083,16.125,-0.125,16.25,0.391,96.9,0.08269230769230769,0.0,1.0
Austin Hooper,TE,stanford,2014.0,2016.0,51.0,0.559,28.514,28.177,0.337,1.425,69.198,0.5590980392156862,0.9881812443010451,0.011818755698954901
Brandon Allen,QB,arkansas,2013.0,2016.0,261.0,0.122,31.854,20.585,11.27,0.955,371.822,0.12204597701149425,0.6462296728825265,0.35380172034909274
Brandon Doughty,QB,western kentucky,2013.0,2016.0,355.0,0.293,103.992,108.986,-4.994,1.255,645.028,0.29293521126760563,1.0,0.0
Braxton Miller,QB,ohio state,2013.0,2016.0,366.0,0.174,63.505,32.942,30.564,0.435,84.358,0.17351092896174863,0.5187308085977482,0.481284938193843
Cardale Jones,QB,ohio state,2013.0,2016.0,18.0,0.413,7.436,-1.044,8.48,0.964,113.747,0.4131111111111111,0.0,1.0
Chris Moore,WR,cincinnati,2013.0,2016.0,45.0,0.826,37.156,36.784,0.372,2.459,136.23,0.8256888888888889,0.9899881580363872,0.010011841963612876
Christian Hackenberg,QB,penn state,2013.0,2016.0,392.0,0.209,82.046,85.305,-3.259,0.4579999999999999,198.199,0.20930102040816329,1.0,0.0
Cody Kessler,QB,usc,2013.0,2016.0,350.0,0.282,98.785,91.481,7.304,1.083,503.244,0.28224285714285713,0.9260616490357848,0.07393835096421522
Connor Cook,QB,michigan state,2013.0,2016.0,395.0,0.225,88.872,82.721,6.151,1.056,449.027,0.22499240506329113,0.9307880997389505,0.06921190026104959
Corey Coleman,WR,baylor,2013.0,2016.0,32.0,0.959,30.673,30.673,0.0,2.422,202.16000000000005,0.95853125,1.0,0.0
Dak Prescott,QB,mississippi state,2013.0,2016.0,363.0,0.302,109.461,68.435,41.026,1.001,541.48,0.30154545454545456,0.6251998428664091,0.374800157133591
Daniel Braverman,WR,western michigan,2014.0,2016.0,99.0,0.67,66.316,59.863,6.453,1.34,157.41,0.6698585858585859,0.9026931660534411,0.0973068339465589
Daniel Lasco,RB,california,2013.0,2016.0,77.0,0.109,8.395,3.777,4.618,0.5,78.919,0.10902597402597403,0.4499106611078023,0.5500893388921978
Darius Jackson,RB,eastern michigan,2013.0,2016.0,53.0,-0.094,-4.964,1.095,-6.059,0.218,39.646,-0.09366037735849057,0.0,1.0
Derrick Henry,RB,alabama,2013.0,2016.0,33.0,0.3,9.906,0.0,9.906,0.758,144.238,0.3001818181818182,0.0,1.0
Ezekiel Elliott,RB,ohio state,2013.0,2016.0,30.0,0.393,11.78,-0.447,12.227,1.127,239.096,0.39266666666666666,0.0,1.0
Hunter Henry,TE,arkansas,2013.0,2016.0,27.0,1.01,27.257,27.257,0.0,2.495,124.52,1.0095185185185185,1.0,0.0
Jakeem Grant,WR,texas tech,2013.0,2016.0,65.0,0.848,55.138,51.935,3.204,2.152,209.319,0.848276923076923,0.9419093909826255,0.05810874532989953
Jared Goff,QB,california,2013.0,2016.0,526.0,0.175,92.131,94.208,-2.077,0.946,533.058,0.17515399239543727,1.0,0.0
Jonathan Williams,RB,arkansas,2013.0,2016.0,152.0,0.025,3.86,1.459,2.401,0.287,58.871,0.02539473684210526,0.377979274611399,0.622020725388601
Jordan Payton,WR,ucla,2013.0,2016.0,39.0,0.872,34.027,34.027,0.0,2.179,170.154,0.8724871794871795,1.0,0.0
Kelvin Taylor,RB,florida,2013.0,2016.0,95.0,-0.012,-1.097,3.209,-4.307,0.037,20.642,-0.01154736842105263,0.0,1.0
Kenneth Dixon,RB,louisiana tech,2013.0,2016.0,145.0,0.094,13.657,0.285,13.372,0.612,140.856,0.09418620689655173,0.02086841912572307,0.9791315808742769
Kenny Lawler,WR,california,2013.0,2016.0,35.0,0.694,24.295,24.295,0.0,2.015,128.648,0.6941428571428572,1.0,0.0
Kenyan Drake,RB,alabama,2013.0,2016.0,95.0,0.384,36.485,7.247,29.238,1.278,71.508,0.38405263157894737,0.198629573797451,0.801370426202549
Kevin Hogan,QB,stanford,2013.0,2016.0,338.0,0.229,77.386,52.279,25.108,1.0579999999999998,409.429,0.2289526627218935,0.6755614710671182,0.32445145116687774
Laquon Treadwell,WR,ole miss,2013.0,2016.0,66.0,0.478,31.563,35.298,-3.735,1.718,149.656,0.4782272727272727,1.0,0.0
Leonte Carroo,WR,rutgers,2013.0,2016.0,19.0,1.125,21.384,21.384,0.0,3.108,158.498,1.1254736842105264,1.0,0.0
Michael Thomas,WR,ohio state,2014.0,2016.0,70.0,0.919,64.331,64.331,0.0,1.562,117.052,0.9190142857142858,1.0,0.0
Nate Sudfeld,QB,indiana,2013.0,2016.0,311.0,0.268,83.323,75.775,7.549,1.001,323.949,0.26791961414790993,0.9094127671831308,0.09059923430505384
Paul Perkins,RB,ucla,2013.0,2016.0,150.0,0.054,8.164,19.323,-11.159,0.488,126.243,0.054426666666666665,1.0,0.0
Paxton Lynch,QB,memphis,2013.0,2016.0,389.0,0.174,67.852,54.601,13.251,0.845,420.475,0.17442673521850902,0.8047073041325237,0.19529269586747625
Pharoh Cooper,WR,south carolina,2013.0,2016.0,23.0,0.276,6.338,1.328,5.01,1.46,166.213,0.27556521739130435,0.20952982013253393,0.790470179867466
Rashard Higgins,WR,colorado state,2013.0,2016.0,67.0,0.765,51.263,51.263,0.0,2.564,254.398,0.7651194029850746,1.0,0.0
Ricardo Louis,WR,auburn,2013.0,2016.0,40.0,0.491,19.648,14.186,5.462,1.503,100.552,0.49119999999999997,0.722007328990228,0.277992671009772
Sterling Shepard,WR,oklahoma,2013.0,2016.0,48.0,0.742,35.637,35.23,0.407,2.226,187.808,0.7424375,0.988579285573982,0.011420714426017902
Tajae Sharpe,WR,umass,2013.0,2016.0,71.0,0.583,41.42,41.42,0.0,1.677,206.075,0.5833802816901409,1.0,0.0
Tyler Boyd,WR,pittsburgh,2013.0,2016.0,93.0,0.907,84.388,82.154,2.234,2.071,245.14,0.9073978494623657,0.9735270417594918,0.02647295824050813
Wendell Smallwood,RB,west virginia,2013.0,2016.0,50.0,0.282,14.087,11.792,2.295,0.7,113.77100000000002,0.28174,0.8370838361609995,0.16291616383900048
Zac Brooks,RB,clemson,2013.0,2016.0,51.0,0.299,15.244,6.08,9.164,0.528,28.092,0.29890196078431375,0.39884544738913674,0.6011545526108633
Aaron Jones,RB,utep,2013.0,2017.0,133.0,0.007,0.895,0.022,0.873,0.8340000000000001,126.494,0.006729323308270677,0.024581005586592177,0.9754189944134078
Amara Darboh,WR,michigan,2014.0,2017.0,53.0,0.534,28.312,28.312,0.0,1.77,141.35399999999998,0.534188679245283,1.0,0.0
Ardarius Stewart,WR,alabama,2014.0,2017.0,16.0,0.488,7.811,7.811,0.0,1.499,96.809,0.4881875,1.0,0.0
Brad Kaaya,QB,miami,2014.0,2017.0,401.0,0.309,123.944,128.949,-5.005,1.017,433.63,0.3090872817955112,1.0,0.0
Brian Hill,RB,wyoming,2014.0,2017.0,160.0,0.113,18.035,10.419,7.615,0.371,99.027,0.11271875,0.5777100083171611,0.42223454394233434
Bucky Hodges,TE,virginia tech,2014.0,2017.0,77.0,0.4,30.807,31.955,-1.147,2.902,230.08,0.40009090909090905,1.0,0.0
C.J. Beathard,QB,iowa,2013.0,2017.0,36.0,0.033,1.172,-2.455,3.627,0.791,264.567,0.03255555555555555,0.0,1.0
Carlos Henderson,WR,louisiana tech,2014.0,2017.0,51.0,0.797,40.66,35.704,4.956,2.374,210.085,0.7972549019607843,0.8781111657648796,0.12188883423512054
Chris Godwin,WR,penn state,2014.0,2017.0,42.0,0.474,19.897,21.09,-1.192,2.016,174.363,0.4737380952380952,1.0,0.0
Christian Mccaffrey,RB,stanford,2014.0,2017.0,59.0,0.469,27.65,15.272,12.378,1.016,216.405,0.46864406779661016,0.5523327305605787,0.44766726943942137
Corey Davis,WR,western michigan,2013.0,2017.0,76.0,0.766,58.25,58.467,-0.217,3.193,343.83500000000004,0.7664473684210527,1.0,0.0
Dalvin Cook,RB,florida state,2014.0,2017.0,192.0,0.197,37.84,17.066,20.774,0.724,189.676,0.19708333333333336,0.45100422832980963,0.5489957716701902
David Njoku,TE,miami,2015.0,2017.0,35.0,0.643,22.515,22.515,0.0,1.421,75.4,0.6432857142857143,1.0,0.0
Deshaun Watson,QB,clemson,2014.0,2017.0,200.0,0.579,115.738,97.198,18.539,1.356,666.432,0.57869,0.8398106067151669,0.16018075308023294
Deshone Kizer,QB,notre dame,2015.0,2017.0,465.0,0.376,174.72,130.357,44.363,0.6739999999999999,319.66,0.37574193548387097,0.7460908882783883,0.25390911172161174
Donnel Pumphrey,RB,san diego state,2013.0,2017.0,138.0,0.084,11.653,15.616,-3.962,0.84,268.11,0.08444202898550725,1.0,0.0
Elijah Mcguire,RB,louisiana,2013.0,2017.0,112.0,0.283,31.657,16.198,15.459,1.023,208.608,0.28265178571428573,0.5116719840793506,0.48832801592064945
Evan Engram,TE,ole miss,2013.0,2017.0,18.0,0.74,13.316,13.316,0.0,2.95,156.39600000000002,0.7397777777777779,1.0,0.0
Isaiah Ford,WR,virginia tech,2014.0,2017.0,88.0,0.749,65.927,67.963,-2.037,1.874,218.343,0.7491704545454546,1.0,0.0
Isaiah Mckenzie,WR,georgia,2014.0,2017.0,19.0,0.204,3.867,0.365,3.502,1.734,81.715,0.2035263157894737,0.09438841479182829,0.9056115852081716
Jake Butt,TE,michigan,2013.0,2017.0,20.0,0.748,14.955,14.955,0.0,2.25,98.748,0.74775,1.0,0.0
Jamaal Williams,RB,byu,2013.0,2017.0,230.0,0.102,23.356,10.815,12.541,0.401,82.517,0.10154782608695653,0.4630501798253125,0.5369498201746874
James Conner,RB,pittsburgh,2013.0,2017.0,140.0,0.034,4.716,2.384,2.332,1.108,118.295,0.033685714285714284,0.5055131467345207,0.49448685326547914
Jehu Chesson,WR,michigan,2013.0,2017.0,18.0,0.787,14.174,15.014,-0.84,2.065,108.681,0.7874444444444444,1.0,0.0
Jeremy Mcnichols,RB,boise state,2014.0,2017.0,33.0,0.536,17.7,8.41,9.291,1.049,184.209,0.5363636363636364,0.47514124293785315,0.5249152542372881
Joe Mixon,RB,oklahoma,2015.0,2017.0,144.0,0.358,51.58,26.747,24.833,0.718,133.91199999999998,0.3581944444444444,0.5185537029856534,0.48144629701434666
John Ross,WR,washington,2013.0,2017.0,21.0,0.643,13.504,12.695,0.808,1.894,112.53,0.643047619047619,0.9400918246445498,0.05983412322274882
Jonnu Smith,TE,florida international,2013.0,2017.0,41.0,0.644,26.406,26.406,0.0,2.153,114.543,0.6440487804878049,1.0,0.0
Josh Malone,WR,tennessee,2014.0,2017.0,45.0,0.129,5.81,7.418,-1.607,1.712,106.507,0.1291111111111111,1.0,0.0
Joshua Dobbs,QB,tennessee,2013.0,2017.0,143.0,0.106,15.173,6.843,8.33,1.038,414.096,0.10610489510489511,0.450998484149476,0.5490015158505239
Juju Smith-Schuster,WR,usc,2015.0,2017.0,131.0,0.779,102.052,102.219,-0.167,1.4420000000000002,169.06,0.7790229007633588,1.0,0.0
Kareem Hunt,RB,toledo,2013.0,2017.0,145.0,0.208,30.149,0.33,29.82,0.954,201.206,0.20792413793103448,0.010945636671199709,0.9890875319247736
Kenny Golladay,WR,northern illinois,2015.0,2017.0,135.0,0.58,78.256,78.979,-0.723,0.975,136.264,0.5796740740740741,1.0,0.0
Leonard Fournette,RB,lsu,2014.0,2017.0,193.0,0.166,31.983,9.431,22.553,0.623,149.48000000000002,0.16571502590673576,0.2948754025576087,0.7051558640527781
Malachi Dupre,WR,lsu,2014.0,2017.0,28.0,0.338,9.476,9.476,0.0,1.8200000000000005,108.515,0.33842857142857147,1.0,0.0
Marlon Mack,RB,south florida,2014.0,2017.0,231.0,0.071,16.434,6.744,9.691,0.575,120.866,0.07114285714285715,0.41036874771814524,0.5896921017402945
Mason Schreck,TE,buffalo,2013.0,2017.0,22.0,0.383,8.431,8.431,0.0,1.529,69.388,0.3832272727272727,1.0,0.0
Matthew Dayes,RB,nc state,2015.0,2017.0,160.0,0.316,50.484,8.677,41.808,0.385,70.152,0.315525,0.17187623801600505,0.828143570240076
Mike Williams,WR,clemson,2013.0,2017.0,17.0,1.252,21.29,21.29,0.0,3.908,189.404,1.2523529411764704,1.0,0.0
Robert Davis,WR,georgia state,2013.0,2017.0,54.0,0.719,38.814,38.814,0.0,2.202,185.697,0.7187777777777777,1.0,0.0
Ryan Switzer,WR,north carolina,2013.0,2017.0,35.0,0.579,20.253,20.755,-0.502,2.14,175.865,0.5786571428571429,1.0,0.0
Samaje Perine,RB,oklahoma,2014.0,2017.0,276.0,0.326,90.051,12.149,77.901,0.779,190.889,0.3262717391304348,0.13491243850706822,0.865076456674551
Stacy Coley,WR,miami,2013.0,2017.0,24.0,0.916,21.988,21.639,0.35,2.244,123.891,0.9161666666666667,0.9841277060214663,0.015917773330907766
Taywan Taylor,WR,western kentucky,2013.0,2017.0,26.0,0.658,17.115,17.115,0.0,3.275,267.81,0.6582692307692307,1.0,0.0
Trent Taylor,WR,louisiana tech,2013.0,2017.0,28.0,0.679,19.022,19.022,0.0,3.017,311.086,0.6793571428571428,1.0,0.0
Wayne Gallman,RB,clemson,2014.0,2017.0,191.0,0.012,2.382,0.005,2.377,0.346,98.031,0.012471204188481676,0.0020990764063811922,0.9979009235936187
Zay Jones,WR,east carolina,2016.0,2017.0,223.0,0.523,116.622,117.118,-0.496,0.523,116.622,0.5229686098654709,1.0,0.0
Antonio Callaway,WR,florida,2015.0,2018.0,69.0,0.488,33.68,32.223,1.457,0.982,77.12899999999999,0.4881159420289855,0.9567399049881234,0.043260095011876484
Auden Tate,WR,florida state,2016.0,2018.0,39.0,0.868,33.852,33.852,0.0,1.531,74.281,0.8679999999999999,1.0,0.0
Austin Proehl,WR,north carolina,2014.0,2018.0,20.0,0.318,6.363,6.997,-0.634,3.375,86.936,0.31815000000000004,1.0,0.0
Braxton Berrios,WR,miami,2014.0,2018.0,37.0,0.457,16.925,16.925,0.0,1.988,86.872,0.4574324324324325,1.0,0.0
Calvin Ridley,WR,alabama,2015.0,2018.0,125.0,0.508,63.557,63.773,-0.216,1.488,167.59300000000002,0.508456,1.0,0.0
Christian Kirk,WR,texas a&m,2015.0,2018.0,132.0,0.395,52.085,50.482,1.603,1.227,148.59300000000002,0.39458333333333334,0.9692233848516847,0.030776615148315253
D.J. Moore,WR,maryland,2015.0,2018.0,47.0,0.432,20.312,19.683,0.628,1.235,109.844,0.43217021276595746,0.9690330838912957,0.030917684127609292
Daesean Hamilton,WR,penn state,2014.0,2018.0,140.0,0.272,38.027,38.225,-0.198,2.194,181.178,0.27162142857142857,1.0,0.0
Dante Pettis,WR,washington,2014.0,2018.0,27.0,0.646,17.431,17.431,0.0,2.581,162.992,0.6455925925925926,1.0,0.0
Darius Phillips,WR,western michigan,2014.0,2018.0,32.0,0.727,23.269,22.827,0.442,0.7060000000000001,24.613,0.72715625,0.9810047702952427,0.018995229704757404
Deon Cain,WR,clemson,2015.0,2018.0,49.0,0.936,45.841,47.613,-1.773,2.04,132.832,0.935530612244898,1.0,0.0
Derrius Guice,RB,lsu,2015.0,2018.0,56.0,0.416,23.278,2.127,21.151,0.942,138.343,0.4156785714285714,0.09137382936678408,0.9086261706332159
Ito Smith,RB,southern mississippi,2014.0,2018.0,126.0,-0.1,-12.551,2.181,-14.732,0.497,157.72299999999998,-0.09961111111111111,0.0,1.0
James Washington,WR,oklahoma state,2014.0,2018.0,60.0,0.316,18.933,17.414,1.519,2.575,272.482,0.31555,0.9197697142555328,0.08023028574446733
John Kelly,RB,tennessee,2015.0,2018.0,41.0,0.028,1.15,-0.783,1.932,0.305,38.246,0.028048780487804875,0.0,1.0
Jordan Akins,WR,ucf,2014.0,2018.0,20.0,0.164,3.271,3.271,0.0,2.798,81.123,0.16355,1.0,0.0
Jordan Wilkins,RB,ole miss,2014.0,2018.0,51.0,0.319,16.265,2.292,13.973,0.735,77.53999999999999,0.31892156862745097,0.14091607746695356,0.8590839225330464
Josh Rosen,QB,ucla,2015.0,2018.0,520.0,0.328,170.333,161.977,8.355,1.0,414.383,0.32756346153846155,0.9509431525306312,0.0490509766163926
Justin Jackson,RB,northwestern,2014.0,2018.0,268.0,0.12,32.037,18.657,13.38,0.32,103.04,0.1195410447761194,0.5823578986796517,0.4176421013203484
Kalen Ballage,RB,arizona state,2014.0,2018.0,40.0,-0.124,-4.948,4.349,-9.297,0.139,41.532,-0.1237,0.0,1.0
Keke Coutee,WR,texas tech,2015.0,2018.0,16.0,0.234,3.746,3.746,0.0,1.939,182.069,0.234125,1.0,0.0
Kerryon Johnson,RB,auburn,2015.0,2018.0,76.0,0.21,15.957,11.417,4.54,0.5700000000000001,110.807,0.2099605263157895,0.7154853669236072,0.2845146330763928
Lamar Jackson,QB,louisville,2015.0,2018.0,408.0,0.286,116.49,39.662,76.828,1.132,671.838,0.28551470588235295,0.3404755773027728,0.6595244226972273
Logan Woodside,QB,toledo,2013.0,2018.0,43.0,0.044,1.905,4.064,-2.159,1.409,546.8910000000001,0.04430232558139535,1.0,0.0
Luke Falk,QB,washington state,2014.0,2018.0,276.0,0.283,78.189,76.109,2.08,1.039,590.814,0.28329347826086954,0.9733977925283608,0.026602207471639237
Marcell Ateman,WR,oklahoma state,2013.0,2018.0,22.0,0.966,21.246,21.246,0.0,3.496,196.389,0.9657272727272727,1.0,0.0
Mark Andrews,TE,oklahoma,2015.0,2018.0,25.0,1.344,33.599,33.599,0.0,3.071,147.527,1.3439599999999998,1.0,0.0
Mark Walton,RB,miami,2015.0,2018.0,155.0,0.049,7.526,17.65,-10.124,0.413,64.19999999999999,0.04855483870967742,1.0,0.0
Mason Rudolph,QB,oklahoma state,2014.0,2018.0,101.0,0.307,31.047,32.831,-1.784,1.615,713.922,0.3073960396039604,1.0,0.0
Nick Bawden,FB,san diego state,2014.0,2018.0,48.0,-0.002,-0.103,-5.198,5.095,1.359,21.725,-0.0021458333333333334,1.0,0.0
Nyheim Hines,RB,nc state,2015.0,2018.0,90.0,0.077,6.932,1.885,5.046,0.599,59.263000000000005,0.07702222222222223,0.2719272937103289,0.7279284477784189
Ray-Ray Mccloud,WR,clemson,2015.0,2018.0,41.0,0.333,13.655,9.531,4.123,1.142,67.424,0.33304878048780484,0.6979860856829001,0.30194068106920546
Richie James,WR,middle tennessee,2015.0,2018.0,150.0,0.622,93.339,85.946,7.393,1.484,238.646,0.62226,0.9207940946442538,0.07920590535574626
Royce Freeman,RB,oregon,2014.0,2018.0,271.0,0.285,77.128,16.821,60.307,1.111,301.949,0.28460516605166053,0.21809200290426306,0.781907997095737
Sam Darnold,QB,usc,2016.0,2018.0,426.0,0.509,216.922,204.076,12.847,0.887,425.745,0.5092065727699531,0.9407805570665954,0.05922405288536893
Saquon Barkley,RB,penn state,2015.0,2018.0,211.0,0.114,24.093,1.76,22.333,0.6,169.546,0.11418483412322275,0.07305026356203047,0.9269497364379695
Tre'Quan Smith,WR,ucf,2015.0,2018.0,89.0,0.657,58.461,58.461,0.0,2.14,185.27,0.6568651685393259,1.0,0.0
Troy Fumagalli,TE,wisconsin,2014.0,2018.0,23.0,0.539,12.394,12.394,0.0,2.391,124.614,0.5388695652173913,1.0,0.0
A.J. Brown,WR,ole miss,2016.0,2019.0,38.0,0.558,21.204,21.204,0.0,2.306,198.597,0.558,1.0,0.0
Alexander Mattison,RB,boise state,2016.0,2019.0,73.0,0.221,16.146,2.484,13.662,0.403,67.321,0.22117808219178084,0.15384615384615383,0.8461538461538461
Alize Mack,TE,notre dame,2017.0,2019.0,28.0,0.314,8.786,8.786,0.0,0.7190000000000001,29.83,0.3137857142857143,1.0,0.0
Bryce Love,RB,stanford,2015.0,2019.0,46.0,0.344,15.84,12.789,3.051,0.7939999999999999,105.138,0.3443478260869565,0.8073863636363636,0.19261363636363638
Clayton Thorson,QB,northwestern,2015.0,2019.0,391.0,0.189,73.76,29.642,44.117,0.745,385.851,0.1886445012787724,0.40187093275488067,0.5981155097613882
Damien Harris,RB,alabama,2015.0,2019.0,47.0,-0.228,-10.733,-0.292,-10.441,0.6519999999999999,125.486,-0.22836170212765958,0.027205813845150466,0.9727941861548496
Daniel Jones,QB,duke,2016.0,2019.0,533.0,0.246,131.173,89.469,41.705,0.5609999999999999,299.75,0.2461031894934334,0.6820687184100386,0.3179389051100455
Darius Slayton,WR,auburn,2016.0,2019.0,19.0,1.064,20.208,20.208,0.0,2.183,89.402,1.063578947368421,1.0,0.0
Darrell Henderson,RB,memphis,2016.0,2019.0,112.0,0.235,26.333,18.934,7.399,1.159,211.269,0.2351160714285714,0.7190217597691111,0.280978240230889
David Montgomery,RB,iowa state,2016.0,2019.0,125.0,-0.003,-0.358,2.85,-3.208,0.223,63.248000000000005,-0.002864,0.0,1.0
Deebo Samuel,WR,south carolina,2015.0,2019.0,21.0,0.663,13.917,13.917,0.0,2.734,155.421,0.6627142857142857,1.0,0.0
Devin Singletary,RB,florida atlantic,2016.0,2019.0,161.0,0.256,41.23,-2.187,43.416,0.86,221.47,0.25608695652173913,0.0,1.0
Dexter Williams,RB,notre dame,2015.0,2019.0,21.0,0.115,2.41,0.0,2.41,1.028,68.868,0.11476190476190477,0.0,1.0
Drew Lock,QB,missouri,2015.0,2019.0,313.0,-0.001,-0.329,-12.906,12.577,1.114,529.021,-0.0010511182108626199,1.0,0.0
Dwayne Haskins,QB,ohio state,2017.0,2019.0,78.0,0.364,28.419,26.064,2.355,0.804,294.805,0.3643461538461539,0.9171329040430698,0.08286709595693022
Irv Smith Jr.,TE,alabama,2017.0,2019.0,15.0,0.482,7.233,7.233,0.0,1.188,46.082,0.48219999999999996,1.0,0.0
Isaac Nauta,TE,georgia,2016.0,2019.0,38.0,0.88,33.442,33.442,0.0,2.644,71.08,0.8800526315789474,1.0,0.0
Jj Arcega-Whiteside,WR,stanford,2016.0,2019.0,36.0,1.04,37.448,37.448,0.0,2.975,198.433,1.0402222222222222,1.0,0.0
John Ursua,WR,hawai'i,2016.0,2019.0,81.0,0.426,34.494,33.527,0.967,1.6989999999999998,165.143,0.42585185185185187,0.9719661390386735,0.028033860961326606
Jordan Scarlett,RB,florida,2015.0,2019.0,36.0,0.03,1.092,-1.567,2.659,0.411,62.185,0.030333333333333337,0.0,1.0
Josh Jacobs,RB,alabama,2017.0,2019.0,60.0,0.307,18.394,9.019,9.375,0.772,80.223,0.30656666666666665,0.4903229313906709,0.5096770686093292
Justice Hill,RB,oklahoma state,2016.0,2019.0,207.0,0.168,34.696,2.581,32.114,0.504,116.917,0.1676135265700483,0.07438897855660595,0.9255821996771962
Kaden Smith,TE,stanford,2017.0,2019.0,35.0,1.182,41.358,41.358,0.0,1.994,92.51,1.1816571428571427,1.0,0.0
Kelvin Harmon,WR,nc state,2016.0,2019.0,36.0,0.957,34.436,34.436,0.0,2.381,183.714,0.9565555555555556,1.0,0.0
Kerrith Whyte Jr.,RB,florida atlantic,2016.0,2019.0,50.0,-0.155,-7.746,-0.898,-6.847,0.394,51.885000000000005,-0.15492,0.11593080299509424,0.8839400981151562
Marcus Green,WR,louisiana monroe,2015.0,2019.0,102.0,0.526,53.668,55.87,-2.202,2.151,201.066,0.526156862745098,1.0,0.0
Mecole Hardman,WR,georgia,2017.0,2019.0,44.0,0.968,42.589,37.861,4.728,1.5419999999999998,76.426,0.9679318181818182,0.888985418770105,0.11101458122989503
Mike Weber,RB,ohio state,2016.0,2019.0,207.0,0.162,33.612,-9.253,42.865,0.753,116.652,0.16237681159420292,0.0,1.0
Miles Sanders,RB,penn state,2016.0,2019.0,26.0,0.279,7.26,2.586,4.675,0.413,56.494,0.2792307692307692,0.35619834710743803,0.6439393939393939
N'Keal Harry,WR,arizona state,2016.0,2019.0,91.0,0.515,46.89,41.111,5.779,1.971,227.058,0.5152747252747253,0.8767541053529536,0.12324589464704627
Parris Campbell,WR,ohio state,2016.0,2019.0,28.0,0.27,7.558,2.445,5.112,1.534,116.521,0.2699285714285714,0.32349827996824554,0.6763694098967982
Qadree Ollison,RB,pittsburgh,2015.0,2019.0,231.0,0.159,36.628,-0.488,37.115,0.629,109.493,0.15856277056277057,0.0,1.0
Riley Ridley,WR,georgia,2016.0,2019.0,21.0,1.134,23.819,21.058,2.761,2.728,92.197,1.1342380952380953,0.8840841345144633,0.11591586548553677
Ryquell Armstead,RB,temple,2015.0,2019.0,54.0,-0.028,-1.488,-1.091,-0.397,0.429,84.164,-0.027555555555555555,0.7331989247311828,0.26680107526881724
T.J. Hockenson,TE,iowa,2017.0,2019.0,30.0,1.343,40.285,38.281,2.005,2.371,107.077,1.3428333333333333,0.9502544371354102,0.04977038599975177
Terry Godwin,WR,georgia,2015.0,2019.0,61.0,0.566,34.531,36.23,-1.699,2.807,123.574,0.5660819672131148,1.0,0.0
Terry Mclaurin,WR,ohio state,2016.0,2019.0,16.0,0.542,8.677,8.677,0.0,3.114,118.409,0.5423125,1.0,0.0
Tony Pollard,RB,memphis,2016.0,2019.0,71.0,0.284,20.145,15.509,4.636,1.007,96.133,0.2837323943661972,0.7698684537105982,0.23013154628940186
Trace Mcsorley,QB,penn state,2015.0,2019.0,53.0,0.172,9.124,6.49,2.634,1.054,497.869,0.1721509433962264,0.7113108285839543,0.28868917141604555
Trayveon Williams,RB,texas a&m,2016.0,2019.0,175.0,0.185,32.404,-0.944,33.348,0.4679999999999999,113.893,0.1851657142857143,0.0,1.0
Ty Johnson,RB,maryland,2015.0,2019.0,39.0,0.285,11.121,1.796,9.326,1.239,126.54,0.28515384615384615,0.16149626832119413,0.8385936516500315
Zach Gentry,TE,michigan,2017.0,2019.0,22.0,1.0,22.004,22.004,0.0,2.012,64.527,1.0001818181818183,1.0,0.0
Aj Dillon,RB,boston college,2017.0,2020.0,297.0,0.144,42.713,0.0,42.713,0.3939999999999999,121.828,0.1438148148148148,0.0,1.0
Albert Okwuegbunam,TE,missouri,2017.0,2020.0,34.0,1.411,47.969,47.969,0.0,2.997,116.81,1.4108529411764705,1.0,0.0
Bryan Edwards,WR,south carolina,2016.0,2020.0,74.0,0.488,36.105,36.105,0.0,1.986,179.69299999999998,0.4879054054054054,1.0,0.0
Brycen Hopkins,TE,purdue,2016.0,2020.0,17.0,0.778,13.226,13.226,0.0,2.764,128.874,0.778,1.0,0.0
Cam Akers,RB,florida state,2017.0,2020.0,212.0,0.131,27.87,13.389,14.48,0.332,79.12200000000001,0.1314622641509434,0.4804090419806243,0.5195550771438823
Ceedee Lamb,WR,oklahoma,2017.0,2020.0,65.0,1.029,66.894,66.894,0.0,3.195,264.153,1.0291384615384616,1.0,0.0
Colby Parkinson,TE,stanford,2017.0,2020.0,15.0,1.258,18.867,18.867,0.0,2.636,103.175,1.2578,1.0,0.0
Cole Mcdonald,QB,hawai'i,2017.0,2020.0,25.0,0.228,5.71,-2.759,8.469,0.906,420.995,0.2284,0.0,1.0
Collin Johnson,WR,texas,2016.0,2020.0,41.0,0.706,28.938,28.938,0.0,2.597,183.561,0.7058048780487804,1.0,0.0
D'Andre Swift,RB,georgia,2017.0,2020.0,101.0,0.271,27.386,7.71,19.676,0.795,132.60399999999998,0.27114851485148517,0.2815307091214489,0.718469290878551
Darnell Mooney,WR,tulane,2016.0,2020.0,55.0,0.073,4.026,4.595,-0.569,2.133,146.881,0.0732,1.0,0.0
Darrynton Evans,RB,appalachian state,2016.0,2020.0,55.0,-0.085,-4.689,-0.395,-4.294,0.302,89.654,-0.08525454545454546,0.08423970995947963,0.9157602900405203
Deejay Dallas,RB,miami,2017.0,2020.0,46.0,0.288,13.234,4.62,8.613,0.659,59.668000000000006,0.287695652173913,0.3491008009672057,0.650823636088862
Devin Duvernay,WR,texas,2016.0,2020.0,29.0,0.885,25.679,25.679,0.0,2.926,192.638,0.8854827586206896,1.0,0.0
Donovan Peoples-Jones,WR,michigan,2017.0,2020.0,46.0,0.25,11.481,9.012,2.469,1.496,91.658,0.24958695652173912,0.7849490462503267,0.21505095374967337
Eno Benjamin,RB,arizona state,2017.0,2020.0,29.0,0.07,2.037,-1.9,3.937,0.411,114.335,0.07024137931034483,0.0,1.0
Gabriel Davis,WR,ucf,2017.0,2020.0,38.0,0.714,27.133,27.133,0.0,2.08,163.713,0.7140263157894736,1.0,0.0
Henry Ruggs Iii,WR,alabama,2017.0,2020.0,18.0,1.171,21.069,21.069,0.0,2.943,123.63,1.1704999999999999,1.0,0.0
Isaiah Hodgins,WR,oregon state,2017.0,2020.0,48.0,0.401,19.233,19.316,-0.084,2.125,199.687,0.40068750000000003,1.0,0.0
J.K. Dobbins,RB,ohio state,2017.0,2020.0,219.0,0.31,67.919,3.791,64.128,0.802,219.307,0.3101324200913242,0.05581648728632636,0.9441835127136737
Jake Fromm,QB,georgia,2017.0,2020.0,342.0,0.465,159.096,139.757,19.339,1.293,466.497,0.4651929824561404,0.8784444612058129,0.12155553879418715
Jalen Reagor,WR,tcu,2017.0,2020.0,60.0,0.769,46.153,42.331,3.823,1.452,122.039,0.7692166666666667,0.9171884817888328,0.08283318527506338
James Proche,WR,smu,2016.0,2020.0,94.0,0.284,26.711,27.123,-0.412,2.68,291.175,0.2841595744680851,1.0,0.0
Jason Huntley,RB,new mexico state,2016.0,2020.0,44.0,-0.028,-1.236,-1.246,0.01,0.507,90.803,-0.02809090909090909,1.0,0.0
Jauan Jennings,WR,tennessee,2015.0,2020.0,27.0,0.328,8.857,12.583,-3.726,2.234,160.23000000000002,0.328037037037037,1.0,0.0
Jerry Jeudy,WR,alabama,2017.0,2020.0,20.0,1.006,20.111,20.111,0.0,2.634,173.166,1.00555,1.0,0.0
Jonathan Taylor,RB,wisconsin,2017.0,2020.0,306.0,0.195,59.648,2.585,57.063,0.738,235.439,0.1949281045751634,0.043337580472103,0.956662419527897
Jordan Love,QB,utah state,2017.0,2020.0,273.0,0.192,52.547,38.012,14.535,0.865,379.974,0.19247985347985347,0.7233904885150437,0.2766095114849563
Justin Herbert,QB,oregon,2016.0,2020.0,312.0,0.32,99.795,91.068,8.726,1.582,579.202,0.31985576923076925,0.9125507289944386,0.08743925046345008
K.J. Hill,WR,ohio state,2016.0,2020.0,20.0,0.97,19.408,19.408,0.0,2.694,158.978,0.9704,1.0,0.0
Kj Hamler,WR,penn state,2018.0,2020.0,77.0,0.443,34.075,32.007,2.068,0.915,81.322,0.44253246753246755,0.939310344827586,0.06068965517241379
Lynn Bowden Jr.,WR,kentucky,2017.0,2020.0,36.0,0.304,10.931,10.1,0.83,1.126,147.553,0.30363888888888885,0.9239776781630227,0.07593083889854542
Quez Watkins,WR,southern mississippi,2017.0,2020.0,43.0,0.314,13.509,13.509,0.0,1.721,155.446,0.31416279069767444,1.0,0.0
Raymond Calais,RB,louisiana,2016.0,2020.0,23.0,-0.015,-0.345,0.0,-0.345,0.858,77.111,-0.015,-0.0,1.0
Stephen Sullivan,TE,lsu,2017.0,2020.0,22.0,0.718,15.79,12.495,3.296,2.47,60.91,0.7177272727272727,0.7913236225459152,0.20873970867637745
Tee Higgins,WR,clemson,2017.0,2020.0,22.0,1.214,26.706,26.706,0.0,3.048,190.65,1.2139090909090908,1.0,0.0
Tua Tagovailoa,QB,alabama,2017.0,2020.0,103.0,0.383,39.479,29.144,10.335,1.665,438.9,0.3832912621359223,0.7382152536791712,0.2617847463208288
Tyler Johnson,WR,minnesota,2016.0,2020.0,17.0,0.445,7.57,7.57,0.0,2.938,255.795,0.44529411764705884,1.0,0.0
Tyrie Cleveland,WR,florida,2016.0,2020.0,26.0,0.626,16.284,16.284,0.0,2.707,82.649,0.6263076923076922,1.0,0.0
Zack Moss,RB,utah,2016.0,2020.0,83.0,0.03,2.53,-0.146,2.676,0.843,188.705,0.030481927710843373,0.0,1.0
Amari Rodgers,WR,clemson,2017.0,2021.0,26.0,-0.075,-1.957,1.665,-3.622,1.628,118.472,-0.07526923076923077,0.0,1.0
Amon-Ra St. Brown,WR,usc,2018.0,2021.0,72.0,0.691,49.771,49.602,0.169,1.998,156.382,0.6912638888888889,0.9966044483735508,0.003395551626449137
Anthony Schwartz,WR,auburn,2018.0,2021.0,58.0,0.601,34.881,22.986,11.896,1.718,114.147,0.601396551724138,0.6589834007052551,0.3410452681975861
Brevin Jordan,TE,miami,2018.0,2021.0,40.0,0.444,17.779,17.779,0.0,2.099,103.594,0.444475,1.0,0.0
Chris Evans,RB,michigan,2016.0,2021.0,94.0,0.215,20.237,8.155,12.082,1.036,79.819,0.21528723404255318,0.4029747492217226,0.5970252507782775
Chuba Hubbard,RB,oklahoma state,2018.0,2021.0,150.0,0.388,58.16,20.795,37.365,0.8310000000000001,179.704,0.3877333333333333,0.3575481430536452,0.642451856946355
D'Wayne Eskridge,WR,western michigan,2016.0,2021.0,24.0,0.253,6.08,7.228,-1.148,3.5,121.711,0.25333333333333335,1.0,0.0
Dax Milne,WR,byu,2018.0,2021.0,24.0,0.272,6.536,6.083,0.454,1.22,83.044,0.2723333333333333,0.9306915544675644,0.06946144430844554
Dazz Newsome,WR,north carolina,2017.0,2021.0,36.0,0.409,14.712,13.0,1.712,2.59,193.557,0.4086666666666667,0.8836324089178902,0.11636759108210984
Devonta Smith,WR,alabama,2017.0,2021.0,15.0,0.681,10.219,10.219,0.0,3.647,304.003,0.6812666666666666,1.0,0.0
Dez Fitzpatrick,WR,louisville,2017.0,2021.0,71.0,0.809,57.447,57.447,0.0,3.0700000000000003,184.015,0.8091126760563381,1.0,0.0
Dyami Brown,WR,north carolina,2018.0,2021.0,30.0,0.123,3.691,3.691,0.0,1.883,148.841,0.12303333333333333,1.0,0.0
Elijah Mitchell,RB,louisiana,2017.0,2021.0,36.0,0.246,8.856,0.862,7.994,1.299,200.228,0.246,0.09733514001806685,0.9026648599819331
Elijah Moore,WR,ole miss,2018.0,2021.0,51.0,0.362,18.454,19.585,-1.131,1.596,140.379,0.36184313725490197,1.0,0.0
Gary Brightwell,RB,arizona,2018.0,2021.0,92.0,0.063,5.836,-3.181,9.016,0.494,37.44,0.06343478260869566,0.0,1.0
Gerrid Doaks,RB,cincinnati,2017.0,2021.0,106.0,0.283,29.983,8.281,21.702,0.582,69.319,0.28285849056603773,0.27618984090984894,0.7238101590901511
Ian Book,QB,notre dame,2017.0,2021.0,112.0,0.218,24.362,9.857,14.505,1.343,538.58,0.21751785714285712,0.40460553320745424,0.5953944667925458
Ihmir Smith-Marsette,WR,iowa,2017.0,2021.0,25.0,0.231,5.764,5.319,0.445,1.846,109.294,0.23056000000000001,0.922796668979875,0.07720333102012492
Jaelon Darden,WR,north texas,2017.0,2021.0,50.0,0.135,6.763,8.354,-1.591,1.917,176.179,0.13526,1.0,0.0
Jake Funk,RB,maryland,2016.0,2021.0,36.0,0.118,4.245,5.483,-1.238,1.826,52.211,0.11791666666666667,1.0,0.0
Javonte Williams,RB,north carolina,2018.0,2021.0,52.0,0.345,17.956,-3.306,21.261,1.12,161.255,0.3453076923076923,0.0,1.0
Jaylen Waddle,WR,alabama,2018.0,2021.0,51.0,1.157,59.004,59.004,0.0,3.63,151.073,1.1569411764705881,1.0,0.0
Jermar Jefferson,RB,oregon state,2018.0,2021.0,268.0,0.196,52.427,6.62,45.807,0.59,110.341,0.1956231343283582,0.12627081465657009,0.8737291853434299
Josh Palmer,WR,tennessee,2017.0,2021.0,23.0,0.1,2.298,0.495,1.803,1.596,82.815,0.09991304347826087,0.2154046997389034,0.7845953002610966
Kadarius Toney,WR,florida,2017.0,2021.0,33.0,0.566,18.681,12.612,6.068,2.157,140.478,0.5660909090909091,0.6751244580054601,0.3248220116696108
Kellen Mond,QB,texas a&m,2017.0,2021.0,314.0,0.143,44.956,25.545,19.411,1.085,504.552,0.143171974522293,0.5682222617670611,0.43177773823293886
Kene Nwangwu,RB,iowa state,2016.0,2021.0,29.0,0.076,2.206,0.089,2.116,0.376,8.428,0.07606896551724138,0.040344514959202174,0.959202175883953
Kenneth Gainwell,RB,memphis,2019.0,2021.0,287.0,0.319,91.536,49.001,42.535,0.319,91.536,0.31894076655052267,0.5353194371613353,0.46468056283866455
Kyle Trask,QB,florida,2018.0,2021.0,27.0,0.31,8.363,7.666,0.697,1.208,419.846,0.3097407407407407,0.9166567021403803,0.08334329785961975
Kylin Hill,RB,mississippi state,2017.0,2021.0,78.0,0.162,12.639,3.629,9.011,0.8380000000000001,102.691,0.16203846153846152,0.287127146134979,0.7129519740485798
Larry Rountree Iii,RB,missouri,2017.0,2021.0,133.0,0.194,25.776,5.398,20.379,0.4679999999999999,88.082,0.19380451127819548,0.20941961514587212,0.7906191806331472
Mac Jones,QB,alabama,2018.0,2021.0,15.0,-0.116,-1.743,1.561,-3.304,1.018,366.633,-0.11620000000000001,0.0,1.0
Marquez Stevenson,WR,houston,2018.0,2021.0,128.0,0.643,82.288,76.169,6.119,2.071,163.914,0.642875,0.9256392183550457,0.07436078164495431
Michael Carter,RB,north carolina,2017.0,2021.0,112.0,0.197,22.068,6.571,15.496,0.853,133.803,0.1970357142857143,0.29776146456407465,0.7021932209534167
Najee Harris,RB,alabama,2017.0,2021.0,71.0,0.213,15.103,1.696,13.407,1.062,207.735,0.21271830985915494,0.11229557041647355,0.8877044295835265
Pat Freiermuth,TE,penn state,2018.0,2021.0,42.0,0.663,27.86,27.86,0.0,2.372,108.264,0.6633333333333333,1.0,0.0
Rashod Bateman,WR,minnesota,2018.0,2021.0,88.0,0.361,31.751,31.751,0.0,2.143,165.974,0.3608068181818182,1.0,0.0
Rondale Moore,WR,purdue,2018.0,2021.0,164.0,0.613,100.539,88.743,11.796,1.423,139.103,0.6130426829268293,0.8826723957867095,0.11732760421329036
Sam Ehlinger,QB,texas,2017.0,2021.0,390.0,0.13,50.856,31.015,19.841,1.209,644.0319999999999,0.13040000000000002,0.609859210319333,0.390140789680667
Seth Williams,WR,auburn,2018.0,2021.0,41.0,1.089,44.629,44.629,0.0,2.043,138.148,1.0885121951219512,1.0,0.0
Shi Smith,WR,south carolina,2017.0,2021.0,39.0,0.826,32.229,32.229,0.0,2.364,139.677,0.8263846153846154,1.0,0.0
Tommy Tremble,TE,notre dame,2019.0,2021.0,20.0,1.045,20.899,20.899,0.0,1.372,29.391,1.04495,1.0,0.0
Travis Etienne,RB,clemson,2017.0,2021.0,112.0,0.471,52.747,3.908,48.839,1.814,357.523,0.47095535714285713,0.07408952167895805,0.9259104783210419
Trevor Lawrence,QB,clemson,2018.0,2021.0,435.0,0.4,173.93,155.946,17.984,1.369,609.888,0.3998390804597701,0.8966020812970735,0.10339791870292647
Zach Wilson,QB,byu,2018.0,2021.0,255.0,0.325,82.769,56.697,26.072,1.188,381.845,0.32458431372549024,0.6850028392272469,0.314997160772753
